pop1,pop2,pop3,est,se,z,n
Mbuti,PATAGONIA_MARITIMO,PUERTO_RICO,0.091515917,0.000623877,146.6889824,1082087
Mbuti,PATAGONIA_MARITIMO,BRASIL_TARDIO,0.09222255,0.000672104,137.2146329,1078133
Mbuti,PATAGONIA_MARITIMO,ALASKA,0.081633607,0.000617712,132.1548458,1093540
Mbuti,PATAGONIA_MARITIMO,BRASIL_TEMPRANO,0.087765134,0.000694446,126.3814387,866776
Mbuti,PATAGONIA_MARITIMO,CUBA,0.09182275,0.000643713,142.6454306,1055559
Mbuti,PATAGONIA_MARITIMO,CENTRO_PERU,0.091739039,0.000696518,131.7108942,961919
Mbuti,PATAGONIA_MARITIMO,NORTE_PERU,0.092369842,0.000693826,133.1310911,675407
Mbuti,PATAGONIA_MARITIMO,CALIFORNIA,0.090542074,0.000661209,136.9340325,1118633
Mbuti,PATAGONIA_MARITIMO,PATAGONIA_TERRESTRE,0.101853245,0.000680776,149.6133925,1043022
Mbuti,PATAGONIA_MARITIMO,PERU_TempranoHoloceno,0.090599234,0.000698383,129.7270685,968960
Mbuti,PATAGONIA_MARITIMO,SUR_PERU,0.091937764,0.000635059,144.7704611,952488
Mbuti,PATAGONIA_MARITIMO,PERU_MedioHoloceno,0.091926331,0.000721998,127.3221115,877188
Mbuti,PATAGONIA_MARITIMO,PERICUES,0.088370771,0.000712559,124.0188953,447142
Mbuti,PUERTO_RICO,PATAGONIA_MARITIMO,0.091515917,0.000623877,146.6889824,1082087
Mbuti,PUERTO_RICO,BRASIL_TARDIO,0.092251848,0.000626451,147.2609755,1057567
Mbuti,PUERTO_RICO,ALASKA,0.081322565,0.000572636,142.0143491,1067021
Mbuti,PUERTO_RICO,BRASIL_TEMPRANO,0.087594203,0.000657936,133.1348351,840116
Mbuti,PUERTO_RICO,CUBA,0.095587831,0.000598976,159.5853786,1040177
Mbuti,PUERTO_RICO,CENTRO_PERU,0.09174712,0.000645798,142.0679255,950966
Mbuti,PUERTO_RICO,NORTE_PERU,0.092438481,0.000635306,145.5022617,672205
Mbuti,PUERTO_RICO,CALIFORNIA,0.09017588,0.000615233,146.5718737,1083787
Mbuti,PUERTO_RICO,PATAGONIA_TERRESTRE,0.091549727,0.00062369,146.7871402,1027491
Mbuti,PUERTO_RICO,PERU_TempranoHoloceno,0.090334472,0.000640336,141.0735905,958516
Mbuti,PUERTO_RICO,SUR_PERU,0.092111629,0.000610714,150.8260608,945984
Mbuti,PUERTO_RICO,PERU_MedioHoloceno,0.092355034,0.000649345,142.2280191,871758
Mbuti,PUERTO_RICO,PERICUES,0.088037262,0.000643854,136.7347724,438089
Mbuti,BRASIL_TARDIO,PATAGONIA_MARITIMO,0.09222255,0.000672104,137.2146329,1078133
Mbuti,BRASIL_TARDIO,PUERTO_RICO,0.092251848,0.000626451,147.2609755,1057567
Mbuti,BRASIL_TARDIO,ALASKA,0.081605663,0.000604661,134.9610621,1062331
Mbuti,BRASIL_TARDIO,BRASIL_TEMPRANO,0.088455357,0.000692629,127.7095066,837481
Mbuti,BRASIL_TARDIO,CUBA,0.092370273,0.000633068,145.9089311,1035030
Mbuti,BRASIL_TARDIO,CENTRO_PERU,0.091779537,0.000676921,135.5839128,946217
Mbuti,BRASIL_TARDIO,NORTE_PERU,0.092449819,0.00066533,138.9532443,670217
Mbuti,BRASIL_TARDIO,CALIFORNIA,0.090630383,0.000635702,142.5673645,1079917
Mbuti,BRASIL_TARDIO,PATAGONIA_TERRESTRE,0.092119916,0.000661773,139.2016669,1022526
Mbuti,BRASIL_TARDIO,PERU_TempranoHoloceno,0.090582604,0.000677904,133.6215744,953679
Mbuti,BRASIL_TARDIO,SUR_PERU,0.091986527,0.000626543,146.8159965,941647
Mbuti,BRASIL_TARDIO,PERU_MedioHoloceno,0.092508733,0.000713193,129.7106243,868406
Mbuti,BRASIL_TARDIO,PERICUES,0.088295788,0.000680045,129.8381449,436561
Mbuti,ALASKA,PATAGONIA_MARITIMO,0.081633607,0.000617712,132.1548458,1093540
Mbuti,ALASKA,PUERTO_RICO,0.081322565,0.000572636,142.0143491,1067021
Mbuti,ALASKA,BRASIL_TARDIO,0.081605663,0.000604661,134.9610621,1062331
Mbuti,ALASKA,BRASIL_TEMPRANO,0.078418062,0.000625863,125.2958955,849038
Mbuti,ALASKA,CUBA,0.081502764,0.000578459,140.8964735,1042874
Mbuti,ALASKA,CENTRO_PERU,0.081191783,0.000625011,129.9045833,954735
Mbuti,ALASKA,NORTE_PERU,0.081983882,0.000612802,133.7853012,672443
Mbuti,ALASKA,CALIFORNIA,0.081473639,0.000589112,138.2989807,1095531
Mbuti,ALASKA,PATAGONIA_TERRESTRE,0.081250407,0.000603467,134.6393526,1031516
Mbuti,ALASKA,PERU_TempranoHoloceno,0.080390104,0.000621643,129.3187017,961550
Mbuti,ALASKA,SUR_PERU,0.081578824,0.000586789,139.0258806,946478
Mbuti,ALASKA,PERU_MedioHoloceno,0.081586301,0.000633379,128.8111533,872180
Mbuti,ALASKA,PERICUES,0.07936738,0.000639488,124.1108969,441207
Mbuti,BRASIL_TEMPRANO,PATAGONIA_MARITIMO,0.087765134,0.000694446,126.3814387,866776
Mbuti,BRASIL_TEMPRANO,PUERTO_RICO,0.087594203,0.000657936,133.1348351,840116
Mbuti,BRASIL_TEMPRANO,BRASIL_TARDIO,0.088455357,0.000692629,127.7095066,837481
Mbuti,BRASIL_TEMPRANO,ALASKA,0.078418062,0.000625863,125.2958955,849038
Mbuti,BRASIL_TEMPRANO,CUBA,0.087915921,0.000659034,133.4011624,818667
Mbuti,BRASIL_TEMPRANO,CENTRO_PERU,0.087434071,0.000733257,119.2407084,746946
Mbuti,BRASIL_TEMPRANO,NORTE_PERU,0.087752415,0.000707285,124.069371,525125
Mbuti,BRASIL_TEMPRANO,CALIFORNIA,0.087276737,0.000662846,131.6697222,868842
Mbuti,BRASIL_TEMPRANO,PATAGONIA_TERRESTRE,0.088134397,0.000708574,124.3826857,808203
Mbuti,BRASIL_TEMPRANO,PERU_TempranoHoloceno,0.086612389,0.000717913,120.6447312,752484
Mbuti,BRASIL_TEMPRANO,SUR_PERU,0.087521862,0.000675053,129.6519326,736778
Mbuti,BRASIL_TEMPRANO,PERU_MedioHoloceno,0.088129693,0.000780354,112.935508,679827
Mbuti,BRASIL_TEMPRANO,PERICUES,0.084873747,0.000784707,108.1598319,350622
Mbuti,CUBA,PATAGONIA_MARITIMO,0.09182275,0.000643713,142.6454306,1055559
Mbuti,CUBA,PUERTO_RICO,0.095587831,0.000598976,159.5853786,1040177
Mbuti,CUBA,BRASIL_TARDIO,0.092370273,0.000633068,145.9089311,1035030
Mbuti,CUBA,ALASKA,0.081502764,0.000578459,140.8964735,1042874
Mbuti,CUBA,BRASIL_TEMPRANO,0.087915921,0.000659034,133.4011624,818667
Mbuti,CUBA,CENTRO_PERU,0.091807251,0.000656929,139.7521396,935946
Mbuti,CUBA,NORTE_PERU,0.092145463,0.000644478,142.9768622,666330
Mbuti,CUBA,CALIFORNIA,0.090408501,0.000611273,147.9020777,1056940
Mbuti,CUBA,PATAGONIA_TERRESTRE,0.091767146,0.000632285,145.1357238,1008890
Mbuti,CUBA,PERU_TempranoHoloceno,0.090458004,0.00064526,140.1885268,944079
Mbuti,CUBA,SUR_PERU,0.092181078,0.000619522,148.7938316,934287
Mbuti,CUBA,PERU_MedioHoloceno,0.092268971,0.000673777,136.9429246,862611
Mbuti,CUBA,PERICUES,0.088385593,0.000662725,133.3668957,429207
Mbuti,CENTRO_PERU,PATAGONIA_MARITIMO,0.091739039,0.000696518,131.7108942,961919
Mbuti,CENTRO_PERU,PUERTO_RICO,0.09174712,0.000645798,142.0679255,950966
Mbuti,CENTRO_PERU,BRASIL_TARDIO,0.091779537,0.000676921,135.5839128,946217
Mbuti,CENTRO_PERU,ALASKA,0.081191783,0.000625011,129.9045833,954735
Mbuti,CENTRO_PERU,BRASIL_TEMPRANO,0.087434071,0.000733257,119.2407084,746946
Mbuti,CENTRO_PERU,CUBA,0.091807251,0.000656929,139.7521396,935946
Mbuti,CENTRO_PERU,NORTE_PERU,0.094067095,0.00071137,132.233735,630127
Mbuti,CENTRO_PERU,CALIFORNIA,0.090150438,0.000663314,135.9091697,962801
Mbuti,CENTRO_PERU,PATAGONIA_TERRESTRE,0.091974725,0.00068112,135.0344597,928812
Mbuti,CENTRO_PERU,PERU_TempranoHoloceno,0.092472761,0.000706133,130.9566407,889817
Mbuti,CENTRO_PERU,SUR_PERU,0.093944608,0.000662017,141.9066626,868999
Mbuti,CENTRO_PERU,PERU_MedioHoloceno,0.095456065,0.000723631,131.9126653,805463
Mbuti,CENTRO_PERU,PERICUES,0.087818777,0.000763446,115.0294536,397078
Mbuti,NORTE_PERU,PATAGONIA_MARITIMO,0.092369842,0.000693826,133.1310911,675407
Mbuti,NORTE_PERU,PUERTO_RICO,0.092438481,0.000635306,145.5022617,672205
Mbuti,NORTE_PERU,BRASIL_TARDIO,0.092449819,0.00066533,138.9532443,670217
Mbuti,NORTE_PERU,ALASKA,0.081983882,0.000612802,133.7853012,672443
Mbuti,NORTE_PERU,BRASIL_TEMPRANO,0.087752415,0.000707285,124.069371,525125
Mbuti,NORTE_PERU,CUBA,0.092145463,0.000644478,142.9768622,666330
Mbuti,NORTE_PERU,CENTRO_PERU,0.094067095,0.00071137,132.233735,630127
Mbuti,NORTE_PERU,CALIFORNIA,0.090930264,0.000650535,139.7776506,675747
Mbuti,NORTE_PERU,PATAGONIA_TERRESTRE,0.092191312,0.000675529,136.4727349,663197
Mbuti,NORTE_PERU,PERU_TempranoHoloceno,0.092460126,0.000700145,132.0585812,634453
Mbuti,NORTE_PERU,SUR_PERU,0.094303522,0.000652199,144.5931055,641347
Mbuti,NORTE_PERU,PERU_MedioHoloceno,0.095404032,0.000728833,130.8997971,608799
Mbuti,NORTE_PERU,PERICUES,0.088665959,0.000749618,118.2814872,288681
Mbuti,CALIFORNIA,PATAGONIA_MARITIMO,0.090542074,0.000661209,136.9340325,1118633
Mbuti,CALIFORNIA,PUERTO_RICO,0.09017588,0.000615233,146.5718737,1083787
Mbuti,CALIFORNIA,BRASIL_TARDIO,0.090630383,0.000635702,142.5673645,1079917
Mbuti,CALIFORNIA,ALASKA,0.081473639,0.000589112,138.2989807,1095531
Mbuti,CALIFORNIA,BRASIL_TEMPRANO,0.087276737,0.000662846,131.6697222,868842
Mbuti,CALIFORNIA,CUBA,0.090408501,0.000611273,147.9020777,1056940
Mbuti,CALIFORNIA,CENTRO_PERU,0.090150438,0.000663314,135.9091697,962801
Mbuti,CALIFORNIA,NORTE_PERU,0.090930264,0.000650535,139.7776506,675747
Mbuti,CALIFORNIA,PATAGONIA_TERRESTRE,0.090359009,0.000648838,139.2628493,1044221
Mbuti,CALIFORNIA,PERU_TempranoHoloceno,0.089489428,0.00064584,138.562872,969867
Mbuti,CALIFORNIA,SUR_PERU,0.090478788,0.000608,148.8137254,953203
Mbuti,CALIFORNIA,PERU_MedioHoloceno,0.090968154,0.000669224,135.9308353,877876
Mbuti,CALIFORNIA,PERICUES,0.090492258,0.000673327,134.3958039,447797
Mbuti,PATAGONIA_TERRESTRE,PATAGONIA_MARITIMO,0.101853245,0.000680776,149.6133925,1043022
Mbuti,PATAGONIA_TERRESTRE,PUERTO_RICO,0.091549727,0.00062369,146.7871402,1027491
Mbuti,PATAGONIA_TERRESTRE,BRASIL_TARDIO,0.092119916,0.000661773,139.2016669,1022526
Mbuti,PATAGONIA_TERRESTRE,ALASKA,0.081250407,0.000603467,134.6393526,1031516
Mbuti,PATAGONIA_TERRESTRE,BRASIL_TEMPRANO,0.088134397,0.000708574,124.3826857,808203
Mbuti,PATAGONIA_TERRESTRE,CUBA,0.091767146,0.000632285,145.1357238,1008890
Mbuti,PATAGONIA_TERRESTRE,CENTRO_PERU,0.091974725,0.00068112,135.0344597,928812
Mbuti,PATAGONIA_TERRESTRE,NORTE_PERU,0.092191312,0.000675529,136.4727349,663197
Mbuti,PATAGONIA_TERRESTRE,CALIFORNIA,0.090359009,0.000648838,139.2628493,1044221
Mbuti,PATAGONIA_TERRESTRE,PERU_TempranoHoloceno,0.090589375,0.000692466,130.8214919,935984
Mbuti,PATAGONIA_TERRESTRE,SUR_PERU,0.092008129,0.000638968,143.9948988,929249
Mbuti,PATAGONIA_TERRESTRE,PERU_MedioHoloceno,0.092514104,0.000709803,130.3376896,857034
Mbuti,PATAGONIA_TERRESTRE,PERICUES,0.088806971,0.000715105,124.1872951,426735
Mbuti,PERU_TempranoHoloceno,PATAGONIA_MARITIMO,0.090599234,0.000698383,129.7270685,968960
Mbuti,PERU_TempranoHoloceno,PUERTO_RICO,0.090334472,0.000640336,141.0735905,958516
Mbuti,PERU_TempranoHoloceno,BRASIL_TARDIO,0.090582604,0.000677904,133.6215744,953679
Mbuti,PERU_TempranoHoloceno,ALASKA,0.080390104,0.000621643,129.3187017,961550
Mbuti,PERU_TempranoHoloceno,BRASIL_TEMPRANO,0.086612389,0.000717913,120.6447312,752484
Mbuti,PERU_TempranoHoloceno,CUBA,0.090458004,0.00064526,140.1885268,944079
Mbuti,PERU_TempranoHoloceno,CENTRO_PERU,0.092472761,0.000706133,130.9566407,889817
Mbuti,PERU_TempranoHoloceno,NORTE_PERU,0.092460126,0.000700145,132.0585812,634453
Mbuti,PERU_TempranoHoloceno,CALIFORNIA,0.089489428,0.00064584,138.562872,969867
Mbuti,PERU_TempranoHoloceno,PATAGONIA_TERRESTRE,0.090589375,0.000692466,130.8214919,935984
Mbuti,PERU_TempranoHoloceno,SUR_PERU,0.09296582,0.000658705,141.134197,876703
Mbuti,PERU_TempranoHoloceno,PERU_MedioHoloceno,0.093884566,0.000759717,123.5783927,813256
Mbuti,PERU_TempranoHoloceno,PERICUES,0.087628754,0.000727192,120.5029109,398890
Mbuti,SUR_PERU,PATAGONIA_MARITIMO,0.091937764,0.000635059,144.7704611,952488
Mbuti,SUR_PERU,PUERTO_RICO,0.092111629,0.000610714,150.8260608,945984
Mbuti,SUR_PERU,BRASIL_TARDIO,0.091986527,0.000626543,146.8159965,941647
Mbuti,SUR_PERU,ALASKA,0.081578824,0.000586789,139.0258806,946478
Mbuti,SUR_PERU,BRASIL_TEMPRANO,0.087521862,0.000675053,129.6519326,736778
Mbuti,SUR_PERU,CUBA,0.092181078,0.000619522,148.7938316,934287
Mbuti,SUR_PERU,CENTRO_PERU,0.093944608,0.000662017,141.9066626,868999
Mbuti,SUR_PERU,NORTE_PERU,0.094303522,0.000652199,144.5931055,641347
Mbuti,SUR_PERU,CALIFORNIA,0.090478788,0.000608,148.8137254,953203
Mbuti,SUR_PERU,PATAGONIA_TERRESTRE,0.092008129,0.000638968,143.9948988,929249
Mbuti,SUR_PERU,PERU_TempranoHoloceno,0.09296582,0.000658705,141.134197,876703
Mbuti,SUR_PERU,PERU_MedioHoloceno,0.09506898,0.000678957,140.0220153,822054
Mbuti,SUR_PERU,PERICUES,0.088128908,0.000669617,131.6108978,395933
Mbuti,PERU_MedioHoloceno,PATAGONIA_MARITIMO,0.091926331,0.000721998,127.3221115,877188
Mbuti,PERU_MedioHoloceno,PUERTO_RICO,0.092355034,0.000649345,142.2280191,871758
Mbuti,PERU_MedioHoloceno,BRASIL_TARDIO,0.092508733,0.000713193,129.7106243,868406
Mbuti,PERU_MedioHoloceno,ALASKA,0.081586301,0.000633379,128.8111533,872180
Mbuti,PERU_MedioHoloceno,BRASIL_TEMPRANO,0.088129693,0.000780354,112.935508,679827
Mbuti,PERU_MedioHoloceno,CUBA,0.092268971,0.000673777,136.9429246,862611
Mbuti,PERU_MedioHoloceno,CENTRO_PERU,0.095456065,0.000723631,131.9126653,805463
Mbuti,PERU_MedioHoloceno,NORTE_PERU,0.095404032,0.000728833,130.8997971,608799
Mbuti,PERU_MedioHoloceno,CALIFORNIA,0.090968154,0.000669224,135.9308353,877876
Mbuti,PERU_MedioHoloceno,PATAGONIA_TERRESTRE,0.092514104,0.000709803,130.3376896,857034
Mbuti,PERU_MedioHoloceno,PERU_TempranoHoloceno,0.093884566,0.000759717,123.5783927,813256
Mbuti,PERU_MedioHoloceno,SUR_PERU,0.09506898,0.000678957,140.0220153,822054
Mbuti,PERU_MedioHoloceno,PERICUES,0.089038855,0.000753136,118.2241555,366268
Mbuti,PERICUES,PATAGONIA_MARITIMO,0.088370771,0.000712559,124.0188953,447142
Mbuti,PERICUES,PUERTO_RICO,0.088037262,0.000643854,136.7347724,438089
Mbuti,PERICUES,BRASIL_TARDIO,0.088295788,0.000680045,129.8381449,436561
Mbuti,PERICUES,ALASKA,0.07936738,0.000639488,124.1108969,441207
Mbuti,PERICUES,BRASIL_TEMPRANO,0.084873747,0.000784707,108.1598319,350622
Mbuti,PERICUES,CUBA,0.088385593,0.000662725,133.3668957,429207
Mbuti,PERICUES,CENTRO_PERU,0.087818777,0.000763446,115.0294536,397078
Mbuti,PERICUES,NORTE_PERU,0.088665959,0.000749618,118.2814872,288681
Mbuti,PERICUES,CALIFORNIA,0.090492258,0.000673327,134.3958039,447797
Mbuti,PERICUES,PATAGONIA_TERRESTRE,0.088806971,0.000715105,124.1872951,426735
Mbuti,PERICUES,PERU_TempranoHoloceno,0.087628754,0.000727192,120.5029109,398890
Mbuti,PERICUES,SUR_PERU,0.088128908,0.000669617,131.6108978,395933
Mbuti,PERICUES,PERU_MedioHoloceno,0.089038855,0.000753136,118.2241555,366268